{"cameraMode":{"drawMode":0,"name":"Shaded","section":"Shading Mode"},"sceneLighting":true,"audioPlay":false,"sceneViewState":{"m_AlwaysRefresh":false,"showFog":true,"showSkybox":true,"showFlares":true,"showImageEffects":true,"showParticleSystems":true,"showVisualEffectGraphs":true,"m_FxEnabled":true},"in2DMode":false,"pivot":{"x":-43.593997955322269,"y":58.107608795166019,"z":25.048141479492189},"rotation":{"x":0.09861420094966889,"y":0.06711972504854202,"z":-0.006668750196695328,"w":0.9928523302078247},"size":142.6168212890625,"orthographic":false}