{"cameraMode":{"drawMode":0,"name":"Shaded","section":"Shading Mode"},"sceneLighting":true,"audioPlay":false,"sceneViewState":{"m_AlwaysRefresh":false,"showFog":true,"showSkybox":true,"showFlares":true,"showImageEffects":true,"showParticleSystems":true,"showVisualEffectGraphs":true,"m_FxEnabled":true},"in2DMode":false,"pivot":{"x":1.4986591339111329,"y":1.6076854467391968,"z":1.8770079612731934},"rotation":{"x":-0.10864021629095078,"y":0.4170354902744293,"z":0.05028785392642021,"w":0.9009886384010315},"size":4.392746448516846,"orthographic":false}