{"cameraMode":{"drawMode":0,"name":"Shaded","section":"Shading Mode"},"sceneLighting":true,"audioPlay":false,"sceneViewState":{"m_AlwaysRefresh":false,"showFog":true,"showSkybox":true,"showFlares":true,"showImageEffects":true,"showParticleSystems":true,"showVisualEffectGraphs":true,"m_FxEnabled":true},"in2DMode":false,"pivot":{"x":-0.08033685386180878,"y":2.823773145675659,"z":0.12951046228408814},"rotation":{"x":-0.2857776880264282,"y":-0.0955372303724289,"z":0.02864321880042553,"w":-0.9531030654907227},"size":0.5660253763198853,"orthographic":false}